FCFS,0.000,,0.172499,0.347505,0.524588,0.699643,0.874736,1.04779
FCFS,0.010,,0.172499,0.347505,0.524588,0.699643,0.874736,1.04779
FCFS,0.018,,0.172499,0.347505,0.524588,0.699643,0.874736,1.04779
FCFS,0.031,,0.172499,0.347505,0.524588,0.699643,0.874736,1.04779
FCFS,0.056,,0.172499,0.347505,0.524588,0.699643,0.874736,1.04779
FCFS,0.100,,0.172499,0.347505,0.524588,0.699643,0.874736,1.04779
FCFS,0.180,,0.172499,0.347505,0.524588,0.699643,0.874736,1.04779
FCFS,0.310,,0.172499,0.347505,0.524588,0.699643,0.874736,1.04779
FCFS,0.560,,0.172499,0.347505,0.524588,0.699643,0.874736,1.04779
FCFS,1.000,,0.172499,0.347505,0.524588,0.699643,0.874736,1.04779
LCFS,0.000,,0.219396,0.304524,0.672839,0.530674,0.885433,1.01076
LCFS,0.010,,0.219396,0.304524,0.672839,0.530674,0.885433,1.01076
LCFS,0.018,,0.219396,0.304524,0.672839,0.530674,0.885433,1.01076
LCFS,0.031,,0.219396,0.304524,0.672839,0.530674,0.885433,1.01076
LCFS,0.056,,0.219396,0.304524,0.672839,0.530674,0.885433,1.01076
LCFS,0.100,,0.219396,0.304524,0.672839,0.530674,0.885433,1.01076
LCFS,0.180,,0.219396,0.304524,0.672839,0.530674,0.885433,1.01076
LCFS,0.310,,0.219396,0.304524,0.672839,0.530674,0.885433,1.01076
LCFS,0.560,,0.219396,0.304524,0.672839,0.530674,0.885433,1.01076
LCFS,1.000,,0.219396,0.304524,0.672839,0.530674,0.885433,1.01076
SJF,0.000,,0.193615,0.369768,0.560719,0.754837,0.913886,1.09191
SJF,0.010,,0.193615,0.369768,0.560719,0.754837,0.913886,1.09191
SJF,0.018,,0.193615,0.369768,0.560719,0.754837,0.913886,1.09191
SJF,0.031,,0.193615,0.369768,0.560719,0.754837,0.913886,1.09191
SJF,0.056,,0.193615,0.369768,0.560719,0.754837,0.913886,1.09191
SJF,0.100,,0.193615,0.369768,0.560719,0.754837,0.913886,1.09191
SJF,0.180,,0.193615,0.369768,0.560719,0.754837,0.913886,1.09191
SJF,0.310,,0.193615,0.369768,0.560719,0.754837,0.913886,1.09191
SJF,0.560,,0.193615,0.369768,0.560719,0.754837,0.913886,1.09191
SJF,1.000,,0.193615,0.369768,0.560719,0.754837,0.913886,1.09191
LJF,0.000,,0.182644,0.878062,0.526851,0.705001,0.349765,1.0561
LJF,0.010,,0.182644,0.878062,0.526851,0.705001,0.349765,1.0561
LJF,0.018,,0.182644,0.878062,0.526851,0.705001,0.349765,1.0561
LJF,0.031,,0.182644,0.878062,0.526851,0.705001,0.349765,1.0561
LJF,0.056,,0.182644,0.878062,0.526851,0.705001,0.349765,1.0561
LJF,0.100,,0.182644,0.878062,0.526851,0.705001,0.349765,1.0561
LJF,0.180,,0.182644,0.878062,0.526851,0.705001,0.349765,1.0561
LJF,0.310,,0.182644,0.878062,0.526851,0.705001,0.349765,1.0561
LJF,0.560,,0.182644,0.878062,0.526851,0.705001,0.349765,1.0561
LJF,1.000,,0.182644,0.878062,0.526851,0.705001,0.349765,1.0561
RR,0.000,,1.17832,0.701574,1.04198,1.07361,1.01811,0.824898
RR,0.010,,1.17832,0.701574,1.04198,1.07361,1.01811,0.824898
RR,0.018,,1.17832,0.701574,1.04198,1.07361,1.01811,0.824898
RR,0.031,,1.17832,0.701574,1.04198,1.07361,1.01811,0.824898
RR,0.056,,1.17832,0.701574,1.04198,1.07361,1.01811,0.824898
RR,0.100,,1.17832,0.701574,1.04198,1.07361,1.01811,0.824898
RR,0.180,,1.17832,0.701574,1.04198,1.07361,1.01811,0.824898
RR,0.310,,1.17832,0.701574,1.04198,1.07361,1.01811,0.824898
RR,0.560,,1.17832,0.701574,1.04198,1.07361,1.01811,0.824898
RR,1.000,,1.17832,0.701574,1.04198,1.07361,1.01811,0.824898
LBW,0.000,,0.155451,0.32357,0.496699,1.03087,1.26901,1.37205
LBW,0.010,,0.155451,0.32357,0.496699,1.03087,1.26901,1.37205
LBW,0.018,,0.155451,0.32357,0.496699,1.03087,1.26901,1.37205
LBW,0.031,,0.155451,0.32357,0.496699,1.03087,1.26901,1.37205
LBW,0.056,,0.155451,0.32357,0.496699,1.03087,1.26901,1.37205
LBW,0.100,,0.155451,0.32357,0.496699,1.03087,1.26901,1.37205
LBW,0.180,,0.155451,0.32357,0.496699,1.03087,1.26901,1.37205
LBW,0.310,,0.155451,0.32357,0.496699,1.03087,1.26901,1.37205
LBW,0.560,,0.155451,0.32357,0.496699,1.03087,1.26901,1.37205
LBW,1.000,,0.155451,0.32357,0.496699,1.03087,1.26901,1.37205
WS,0.000,,0.525565,0.879857,1.051,1.23112,1.57926,1.92443
WS,0.010,,0.525565,0.879857,1.051,1.23112,1.57926,1.92443
WS,0.018,,0.525565,0.879857,1.051,1.23112,1.57926,1.92443
WS,0.031,,0.525565,0.879857,1.051,1.23112,1.57926,1.92443
WS,0.056,,0.525565,0.879857,1.051,1.23112,1.57926,1.92443
WS,0.100,,0.525565,0.879857,1.051,1.23112,1.57926,1.92443
WS,0.180,,0.525565,0.879857,1.051,1.23112,1.57926,1.92443
WS,0.310,,0.525565,0.879857,1.051,1.23112,1.57926,1.92443
WS,0.560,,0.525565,0.879857,1.051,1.23112,1.57926,1.92443
WS,1.000,,0.525565,0.879857,1.051,1.23112,1.57926,1.92443
