FCFS,0.000,122.818,122.958,121.777,121.847,121.494,121.105
FCFS,0.010,128.187,129.048,128.076,128.769,127.833,128.335
FCFS,0.018,130.476,129.927,129.442,128.646,128.737,129.035
FCFS,0.031,129.094,129.241,129.645,128.406,128.678,128.262
FCFS,0.056,128.538,127.76,128.038,128.202,128.089,128.127
FCFS,0.100,128.046,128.286,127.056,126.812,128.427,127.705
FCFS,0.180,130.532,129.872,130.495,129.931,130.293,129.413
FCFS,0.310,132.683,133.136,132.547,132.711,132.566,132.184
FCFS,0.560,144.681,146.72,144.685,144.892,145.823,144.77
FCFS,1.000,139.347,138.279,137.438,137.794,138.477,138.051
LCFS,0.000,132.683,133.136,132.547,132.711,132.566,132.184
LCFS,0.010,144.681,146.72,144.685,144.892,145.823,144.77
LCFS,0.018,139.347,138.279,137.438,137.794,138.477,138.051
LCFS,0.031,129.735,129.254,128.552,129.2,128.577,127.754
LCFS,0.056,129.259,128.56,129.357,128.18,127.783,127.972
LCFS,0.100,127.861,127.087,127.788,127.447,126.688,126.446
LCFS,0.180,129.091,128.693,127.824,128.939,129.034,128.276
LCFS,0.310,128.886,129.004,128.386,129.169,128.12,128.704
LCFS,0.560,128.976,128.804,127.901,127.237,127.835,128.218
LCFS,1.000,131.22,130.422,129.656,130.353,129.183,130.777
SJF,0.000,128.886,129.004,128.386,129.169,128.12,128.704
SJF,0.010,128.976,128.804,127.901,127.237,127.835,128.218
SJF,0.018,131.22,130.422,129.656,130.353,129.183,130.777
SJF,0.031,131.556,133.15,132.766,131.054,132.244,130.739
SJF,0.056,141.72,141.291,142.28,143.649,140.96,144.783
SJF,0.100,136.419,137.127,136.543,136.075,136.733,139.872
SJF,0.180,129.858,129.194,128.85,128.517,129.958,129.185
SJF,0.310,128.435,127.237,127.322,127.153,126.522,126.921
SJF,0.560,127.284,126.539,127.338,127.007,126.907,127.024
SJF,1.000,128.688,128.439,127.909,127.381,128.396,127.573
LJF,0.000,128.435,127.237,127.322,127.153,126.522,126.921
LJF,0.010,127.284,126.539,127.338,127.007,126.907,127.024
LJF,0.018,128.688,128.439,127.909,127.381,128.396,127.573
LJF,0.031,128.402,126.624,128.357,127.294,126.629,126.972
LJF,0.056,128.935,128.236,128.326,129.053,128.983,129.003
LJF,0.100,129.815,128.359,129.242,130.23,129.371,128.682
LJF,0.180,130.683,130.154,131.539,132.396,133.208,132.309
LJF,0.310,142.189,143.198,143.065,144.608,140.259,141.042
LJF,0.560,137.461,135.228,137.431,137.18,137.019,138.032
LJF,1.000,129.094,129.299,127.925,128.178,128.252,127.384
RR,0.000,142.189,143.198,143.065,144.608,140.259,141.042
RR,0.010,137.461,135.228,137.431,137.18,137.019,138.032
RR,0.018,129.094,129.299,127.925,128.178,128.252,127.384
RR,0.031,127.428,127.726,127.713,126.898,127.492,126.462
RR,0.056,128.156,128.263,128.634,128.389,128.99,128.422
RR,0.100,128.788,128.596,127.888,127.649,127.437,128.158
RR,0.180,129.059,129.869,129.507,128.669,128.705,128.938
RR,0.310,130.433,129.736,129.949,129.25,129.671,129.833
RR,0.560,130.161,129.743,129.357,130.693,129.999,129.852
RR,1.000,134.251,133.783,133.354,134.187,134.033,133.895
LBW,0.000,130.433,129.736,129.949,129.25,129.671,129.833
LBW,0.010,130.161,129.743,129.357,130.693,129.999,129.852
LBW,0.018,134.251,133.783,133.354,134.187,134.033,133.895
LBW,0.031,145.031,145.419,144.896,145.317,144.708,144.581
LBW,0.056,139.265,139.789,139.519,139.524,139.479,139.712
LBW,0.100,169.927,168.106,174.65,176.767,179.222,176.867
LBW,0.180,174.792,175.752,170.097,174.095,174.443,174.507
LBW,0.310,171.263,172.857,168.917,175.264,176.202,175.859
LBW,0.560,176.391,177.49,166.946,172.41,175.427,173.02
LBW,1.000,175.6,177.532,177.062,165.831,168.662,171.064
WS,0.000,171.263,172.857,168.917,175.264,176.202,175.859
WS,0.010,176.391,177.49,166.946,172.41,175.427,173.02
WS,0.018,175.6,177.532,177.062,165.831,168.662,171.064
WS,0.031,180.471,172.865,172.283,170.766,168.824,174.806
WS,0.056,176.224,164.418,172.668,177.493,178.984,177.158
WS,0.100,170.228,184.379,169.744,179.121,179.19,185.948
WS,0.180,197.428,200.629,198.535,192.679,167.214,188.757
WS,0.310,172.486,171.874,193.013,185.129,192.444,198.666
WS,0.560,173.261,162.221,171.612,171.498,162.675,167.701
WS,1.000,175.495,174.854,168.843,170.007,170.971,165.005
